{
  "dataset": "IEEE-CIS Fraud Detection",
  "subsample_frac": 0.25,
  "train_samples": 118108,
  "test_samples": 29527,
  "fraud_rate": 0.035933213668845464,
  "features": [
    "TransactionAmt",
    "ProductCD",
    "card1",
    "card2",
    "card3",
    "card4",
    "card5",
    "card6",
    "addr1",
    "addr2",
    "dist1",
    "dist2",
    "P_emaildomain",
    "R_emaildomain",
    "C1",
    "C2",
    "C4",
    "C5",
    "C6",
    "C7",
    "C8",
    "C9",
    "C10",
    "C11",
    "C12",
    "C13",
    "C14",
    "D1",
    "D2",
    "D3",
    "D4",
    "D5",
    "D10",
    "D15",
    "M1",
    "M2",
    "M3",
    "M4",
    "M5",
    "M6",
    "M7",
    "M8",
    "M9",
    "id_01",
    "id_02",
    "id_03",
    "id_04",
    "id_05",
    "id_06",
    "id_11",
    "id_12",
    "id_13",
    "id_15",
    "id_17",
    "id_19",
    "id_20",
    "id_30",
    "id_31",
    "id_38",
    "DeviceType",
    "DeviceInfo"
  ],
  "ae_threshold": 0.19427781643218195,
  "lgb_auc": 0.9522146995741335,
  "lgb_ap": 0.767901417330276,
  "lgb_f1": 0.6933652121936641,
  "ae_auc": 0.6769040672428103,
  "ae_f1": 0.06757557794902193,
  "ensemble_auc": 0.9316816470306061,
  "ensemble_ap": 0.7449691198915137,
  "ensemble_f1": 0.6384858044164038,
  "timestamp": "20260317_004527"
}